{"cameraMode":{"drawMode":0,"name":"Shaded","section":"Shading Mode"},"sceneLighting":true,"audioPlay":false,"sceneViewState":{"m_AlwaysRefresh":false,"showFog":true,"showSkybox":true,"showFlares":true,"showImageEffects":true,"showParticleSystems":true,"showVisualEffectGraphs":true,"m_FxEnabled":true},"in2DMode":false,"pivot":{"x":3.1734371185302736,"y":-3.7258729934692385,"z":8.388619422912598},"rotation":{"x":0.39152055978775027,"y":0.3873138725757599,"z":-0.18637609481811524,"w":0.8136208057403565},"size":26.78504753112793,"orthographic":false}