{"cameraMode":{"drawMode":0,"name":"Shaded","section":"Shading Mode"},"sceneLighting":false,"audioPlay":false,"sceneViewState":{"m_AlwaysRefresh":false,"showFog":true,"showSkybox":false,"showFlares":true,"showImageEffects":true,"showParticleSystems":true,"showVisualEffectGraphs":true,"m_FxEnabled":true},"in2DMode":false,"pivot":{"x":0.015000000596046448,"y":6.278691291809082,"z":0.03999999910593033},"rotation":{"x":0.04113507270812988,"y":0.912411630153656,"z":0.09477326273918152,"w":-0.3960203528404236},"size":0.1689477115869522,"orthographic":false}